{"cameraMode":{"drawMode":0,"name":"Shaded","section":"Shading Mode"},"sceneLighting":false,"audioPlay":false,"sceneViewState":{"m_AlwaysRefresh":false,"showFog":true,"showSkybox":false,"showFlares":true,"showImageEffects":true,"showParticleSystems":true,"showVisualEffectGraphs":true,"m_FxEnabled":true},"in2DMode":false,"pivot":{"x":2.0727128982543947,"y":-0.6097671985626221,"z":-36.650482177734378},"rotation":{"x":0.0007846722146496177,"y":0.9990909695625305,"z":-0.020984604954719545,"w":0.03748404234647751},"size":31.42505645751953,"orthographic":false}