{"cameraMode":{"drawMode":0,"name":"Shaded","section":"Shading Mode"},"sceneLighting":false,"audioPlay":false,"sceneViewState":{"m_AlwaysRefresh":false,"showFog":true,"showSkybox":false,"showFlares":true,"showImageEffects":true,"showParticleSystems":true,"showVisualEffectGraphs":true,"m_FxEnabled":true},"in2DMode":false,"pivot":{"x":-1.8005638122558594,"y":-2.0063607692718508,"z":-4.988639831542969},"rotation":{"x":-0.011446164920926094,"y":0.9885540008544922,"z":-0.1026826873421669,"w":-0.11018314212560654},"size":15.020852088928223,"orthographic":false}