{"cameraMode":{"drawMode":0,"name":"Shaded","section":"Shading Mode"},"sceneLighting":false,"audioPlay":false,"sceneViewState":{"m_AlwaysRefresh":false,"showFog":true,"showSkybox":false,"showFlares":true,"showImageEffects":true,"showParticleSystems":true,"showVisualEffectGraphs":true,"m_FxEnabled":true},"in2DMode":false,"pivot":{"x":-1.274315357208252,"y":0.5727882385253906,"z":0.6306252479553223},"rotation":{"x":0.0004839737666770816,"y":0.9984402656555176,"z":-0.007785788271576166,"w":0.056073375046253207},"size":16.53668975830078,"orthographic":true}