{"cameraMode":{"drawMode":0,"name":"Shaded","section":"Shading Mode"},"sceneLighting":false,"audioPlay":false,"sceneViewState":{"m_AlwaysRefresh":false,"showFog":true,"showSkybox":false,"showFlares":true,"showImageEffects":true,"showParticleSystems":true,"showVisualEffectGraphs":true,"m_FxEnabled":true},"in2DMode":false,"pivot":{"x":-0.5727863311767578,"y":-1.274315357208252,"z":0.6306247711181641},"rotation":{"x":0.0050403825007379059,"y":0.9895731806755066,"z":0.035335931926965716,"w":-0.1398521512746811},"size":16.53668785095215,"orthographic":true}