{"cameraMode":{"drawMode":0,"name":"Shaded","section":"Shading Mode"},"sceneLighting":false,"audioPlay":false,"sceneViewState":{"m_AlwaysRefresh":false,"showFog":true,"showSkybox":false,"showFlares":true,"showImageEffects":true,"showParticleSystems":true,"showVisualEffectGraphs":true,"m_FxEnabled":true},"in2DMode":false,"pivot":{"x":-7.030257225036621,"y":-3.234529495239258,"z":-0.8000435829162598},"rotation":{"x":0.0006877736304886639,"y":0.9910541772842407,"z":-0.004751324187964201,"w":0.13370497524738313},"size":15.760557174682618,"orthographic":true}