{"cameraMode":{"drawMode":0,"name":"Shaded","section":"Shading Mode"},"sceneLighting":false,"audioPlay":false,"sceneViewState":{"m_AlwaysRefresh":false,"showFog":true,"showSkybox":false,"showFlares":true,"showImageEffects":true,"showParticleSystems":true,"showVisualEffectGraphs":true,"m_FxEnabled":true},"in2DMode":false,"pivot":{"x":-1.274315357208252,"y":0.5727882385253906,"z":0.6306252479553223},"rotation":{"x":0.00043768808245658875,"y":0.9996515512466431,"z":0.019194329157471658,"w":-0.020392445847392083},"size":16.53668975830078,"orthographic":true}